{
  "books": [
    {
      "bid": 1,
      "title": "DA VINCI CODE",
      "img": "https://tse3.mm.bing.net/th/id/OIP.X0kZpl4PkLG2OmYO0OEHuwHaJz?pid=ImgDet&rs=1"
    },
    {
      "bid": 3,
      "title": "Green Eggs and Ham",
      "img": "https://imgix.ranker.com/user_node_img/56/1101454/original/green-eggs-and-ham-books-photo-u1?auto=format&q=60&fit=crop&fm=pjpg&dpr=2&crop=faces&h=150&w=150"
    },
    {
      "bid": 4,
      "title": "The Cat in the Hat",
      "img": "https://imgix.ranker.com/user_node_img/110/2182461/original/the-cat-in-the-hat-books-photo-u1?auto=format&q=60&fit=crop&fm=pjpg&dpr=2&crop=faces&h=150&w=150"
    },
    {
      "bid": 5,
      "title": "How the Grinch Stole Christmas!",
      "img": "https://imgix.ranker.com/node_img/60/1184845/original/how-the-grinch-stole-christmas-books-photo-1?auto=format&q=60&fit=crop&fm=pjpg&dpr=2&crop=faces&h=150&w=150"
    },
    {
      "title": "Harry Potter and the Philosopher's Stone",
      "img": "https://imgix.ranker.com/user_node_img/124/2474553/original/harry-potter-and-the-philosopher-s-stone-books-photo-u1?auto=format&q=60&fit=crop&fm=pjpg&dpr=2&crop=faces&h=150&w=150",
      "bid": 6
    }
  ]
}